GP,Date,Time,,Opponent
1,2024-10-09,10:00 PM,,Calgary Flames
2,2024-10-11,10:00 PM,,Philadelphia Flyers
3,2024-10-15,7:00 PM,@,Tampa Bay Lightning
4,2024-10-17,7:00 PM,@,Florida Panthers
5,2024-10-19,7:00 PM,@,Philadelphia Flyers
6,2024-10-22,8:15 PM,@,Chicago Blackhawks
7,2024-10-26,10:00 PM,,Pittsburgh Penguins
8,2024-10-28,10:00 PM,,Carolina Hurricanes
9,2024-10-30,10:30 PM,,New Jersey Devils
10,2024-11-02,10:00 PM,@,San Jose Sharks
11,2024-11-05,10:00 PM,@,Anaheim Ducks
12,2024-11-07,10:30 PM,@,Los Angeles Kings
13,2024-11-09,10:00 PM,,Edmonton Oilers
14,2024-11-12,10:00 PM,,Calgary Flames
15,2024-11-14,10:00 PM,,New York Islanders
16,2024-11-16,10:00 PM,,Chicago Blackhawks
17,2024-11-17,10:00 PM,,Nashville Predators
18,2024-11-19,10:00 PM,,New York Rangers
19,2024-11-23,7:00 PM,@,Ottawa Senators
20,2024-11-26,7:00 PM,@,Boston Bruins
21,2024-11-27,7:30 PM,@,Pittsburgh Penguins
22,2024-11-29,3:00 PM,@,Buffalo Sabres
23,2024-12-01,12:30 PM,@,Detroit Red Wings
24,2024-12-03,8:00 PM,@,Minnesota Wild
25,2024-12-06,10:00 PM,,Columbus Blue Jackets
26,2024-12-08,4:00 PM,,Tampa Bay Lightning
27,2024-12-10,10:00 PM,,St. Louis Blues
28,2024-12-12,10:00 PM,,Florida Panthers
29,2024-12-14,10:00 PM,,Boston Bruins
30,2024-12-16,10:30 PM,,Colorado Avalanche
31,2024-12-18,10:00 PM,@,Utah Hockey Club
32,2024-12-19,10:00 PM,@,Vegas Golden Knights
33,2024-12-21,10:00 PM,,Ottawa Senators
34,2024-12-23,9:00 PM,,San Jose Sharks
35,2024-12-28,4:00 PM,,Seattle Kraken
36,2024-12-31,9:00 PM,@,Calgary Flames
37,2025-01-02,10:00 PM,@,Seattle Kraken
38,2025-01-03,10:00 PM,,Nashville Predators
39,2025-01-06,7:30 PM,@,Montreal Canadiens
40,2025-01-08,7:30 PM,@,Washington Capitals
41,2025-01-10,7:00 PM,@,Carolina Hurricanes
42,2025-01-11,7:00 PM,@,Toronto Maple Leafs
43,2025-01-14,8:00 PM,@,Winnipeg Jets
44,2025-01-16,10:00 PM,,Los Angeles Kings
45,2025-01-18,10:00 PM,,Edmonton Oilers
46,2025-01-21,10:00 PM,,Buffalo Sabres
47,2025-01-23,9:00 PM,@,Edmonton Oilers
48,2025-01-25,10:00 PM,,Washington Capitals
49,2025-01-27,7:30 PM,@,St. Louis Blues
50,2025-01-29,9:00 PM,@,Nashville Predators
51,2025-01-31,8:00 PM,@,Dallas Stars
52,2025-02-02,8:00 PM,,Detroit Red Wings
53,2025-02-04,10:00 PM,,Colorado Avalanche
54,2025-02-06,10:30 PM,@,San Jose Sharks
55,2025-02-08,7:00 PM,,Toronto Maple Leafs
56,2025-02-22,10:00 PM,@,Vegas Golden Knights
57,2025-02-23,8:00 PM,@,Utah Hockey Club
58,2025-02-26,10:00 PM,@,Los Angeles Kings
59,2025-02-27,10:00 PM,@,Anaheim Ducks
60,2025-03-01,10:00 PM,@,Seattle Kraken
61,2025-03-05,10:30 PM,,Anaheim Ducks
62,2025-03-07,10:00 PM,,Minnesota Wild
63,2025-03-09,9:00 PM,,Dallas Stars
64,2025-03-11,10:00 PM,,Montreal Canadiens
65,2025-03-12,9:00 PM,@,Calgary Flames
66,2025-03-15,10:00 PM,,Chicago Blackhawks
67,2025-03-16,8:00 PM,,Utah Hockey Club
68,2025-03-18,10:00 PM,,Winnipeg Jets
69,2025-03-20,7:30 PM,@,St. Louis Blues
70,2025-03-22,1:00 PM,@,New York Rangers
71,2025-03-24,7:30 PM,@,New Jersey Devils
72,2025-03-26,7:30 PM,@,New York Islanders
73,2025-03-28,7:00 PM,@,Columbus Blue Jackets
74,2025-03-30,3:00 PM,@,Winnipeg Jets
75,2025-04-02,10:30 PM,,Seattle Kraken
76,2025-04-05,4:00 PM,,Anaheim Ducks
77,2025-04-06,10:00 PM,,Vegas Golden Knights
78,2025-04-08,8:00 PM,@,Dallas Stars
79,2025-04-10,9:00 PM,@,Colorado Avalanche
80,2025-04-12,10:00 PM,,Minnesota Wild
81,2025-04-14,10:00 PM,,San Jose Sharks
82,2025-04-16,10:00 PM,,Vegas Golden Knights